Date,Open,High,Low,Close,Volume
2016-10-17,18.916,20.358,18.171,19.073,1815147.0
2016-10-18,19.024,19.102,18.299,18.642,228288.0
2016-10-19,18.642,18.680999999999997,18.249000000000002,18.583,357503.0
2016-10-20,18.543,18.867,18.357,18.749000000000002,820084.0
2016-10-21,18.789,19.347,18.789,19.132,158652.0
2016-10-24,19.28,19.917,19.180999999999997,19.427,303614.0
2016-10-25,19.82,19.82,19.122,19.201,57273.0
2016-10-26,19.201,19.23,18.986,18.986,28162.0
2016-10-27,19.033,19.23,18.986,18.986,28056.0
2016-10-28,19.043,19.112000000000002,18.613,18.739,30061.0
2016-10-31,18.739,18.965999999999998,18.593,18.739,32172.0
2016-11-02,18.739,18.739,18.005,18.012999999999998,66448.0
2016-11-03,18.141,18.396,17.218,17.366,149418.0
2016-11-04,17.160999999999998,18.632,16.915,17.906,108681.0
2016-11-07,18.141,18.622,18.141,18.465,30638.0
2016-11-08,18.465,18.583,17.985,17.985,21944.0
2016-11-09,17.955,18.445,17.671,18.328,70826.0
2016-11-10,18.415,19.063,18.347,18.543,40795.0
2016-11-14,18.289,18.495,17.985,18.445,13015.0
2016-11-15,18.112000000000002,18.445,18.112000000000002,18.396,3897.0
2016-11-16,18.396,18.936,18.347,18.347,14562.0
2016-11-17,18.289,18.789,18.18,18.445,211049.0
2016-11-18,18.299,18.837,18.072,18.828,191993.0
2016-11-21,18.642,20.358,18.593,19.427,121466.0
2016-11-22,19.564,20.102999999999998,19.436,19.995,211324.0
2016-11-23,20.015,20.250999999999998,19.77,20.073,89753.0
2016-11-24,20.073,20.457,19.917,20.408,73866.0
2016-11-25,20.476,22.046,20.317999999999998,21.506,167273.0
2016-11-28,21.506,22.066,21.506,21.976999999999997,120840.0
2016-11-29,22.076,22.37,20.615,20.615,102003.0
2016-11-30,21.134,21.586,20.545,21.094,169347.0
2016-12-01,21.879,21.958000000000002,21.241999999999997,21.86,14820.0
2016-12-02,21.879,21.929000000000002,21.682,21.87,16123.0
2016-12-05,21.879,22.37,21.879,22.31,94224.0
2016-12-06,22.439,23.449,22.38,23.066999999999997,53737.0
2016-12-07,23.4,24.724,23.4,24.185,84594.0
2016-12-08,24.529,24.529,23.842,24.136,60123.0
2016-12-09,24.49,24.49,23.548000000000002,24.125999999999998,43511.0
2016-12-12,24.234,24.49,23.449,23.499000000000002,22966.0
2016-12-13,23.891,23.939,23.499000000000002,23.842,29163.0
2016-12-14,23.939,24.038,23.566,23.744,15862.0
2016-12-15,23.596,24.234,23.586,24.088,36067.0
2016-12-16,24.098000000000003,24.410999999999998,23.939,24.224,26850.0
2016-12-19,24.155,24.234,23.754,23.948,22991.0
2016-12-20,23.958000000000002,24.038,23.91,23.948,16574.0
2016-12-21,23.988000000000003,24.529,23.791999999999998,24.283,67326.0
2016-12-22,24.331999999999997,24.331999999999997,23.645,24.116,39128.0
2016-12-23,24.116,24.529,24.116,24.421,21619.0
2016-12-27,24.43,24.51,24.331999999999997,24.48,35862.0
2016-12-28,24.5,24.5,24.145,24.293000000000003,34006.0
2016-12-29,24.401,24.421,24.165,24.331999999999997,26022.0
2016-12-30,24.331999999999997,24.331999999999997,24.048000000000002,24.048000000000002,35242.0
2017-01-02,24.519000000000002,25.99,24.008000000000003,24.008000000000003,19073.0
2017-01-03,24.234,25.108,24.234,25.098000000000003,173310.0
2017-01-04,25.088,25.098000000000003,24.686,24.939,53647.0
2017-01-05,25.019000000000002,25.412,25.019000000000002,25.381999999999998,27885.0
2017-01-09,25.381999999999998,25.412,25.205,25.412,23726.0
2017-01-10,25.313000000000002,25.412,25.205,25.215,38551.0
2017-01-11,25.412,25.412,25.264,25.392,18105.0
2017-01-12,25.392,25.392,25.029,25.176,38650.0
2017-01-13,25.039,25.392,24.676,24.959,15381.0
2017-01-16,24.823,24.823,23.822,24.724,62700.0
2017-01-17,24.715999999999998,24.715999999999998,24.361,24.715999999999998,13926.0
2017-01-18,24.706,25.412,24.676,25.304000000000002,38066.0
2017-01-19,25.294,26.921999999999997,25.069000000000003,26.54,50426.0
2017-01-20,26.863000000000003,28.355999999999998,26.383000000000003,27.579,140594.0
2017-01-23,27.717,28.845,27.579,28.441999999999997,149904.0
2017-01-24,28.934,31.396,28.649,31.346999999999998,225313.0
2017-01-25,31.101999999999997,32.024,30.592,30.955,138512.0
2017-01-26,31.375999999999998,31.375999999999998,29.541999999999998,30.415,51374.0
2017-01-27,30.318,30.808000000000003,29.256999999999998,30.808000000000003,32769.0
2017-01-30,30.808000000000003,33.260999999999996,30.808000000000003,32.76,112631.0
2017-01-31,32.868,33.064,32.427,33.064,27737.0
2017-02-01,33.152,33.260999999999996,32.376999999999995,32.671,37531.0
2017-02-02,32.967,32.995,31.886999999999997,32.25,265774.0
2017-02-03,32.181,32.357,30.022,30.268,147600.0
2017-02-06,29.925,30.218000000000004,28.748,29.925,89494.0
2017-02-07,29.925,30.218000000000004,29.433000000000003,29.807,39108.0
2017-02-08,30.022,31.543000000000003,30.022,30.855999999999998,50584.0
2017-02-09,31.375999999999998,31.642,30.081,30.17,52130.0
2017-02-10,30.415,30.415,29.433000000000003,29.836,30973.0
2017-02-13,29.836,30.013,28.944000000000003,29.63,90529.0
2017-02-14,29.915,30.395,28.964000000000002,29.915,21084.0
2017-02-15,29.915,30.896,29.915,30.758000000000003,25121.0
2017-02-16,30.896,31.739,30.896,31.671,65290.0
2017-02-17,31.671,31.671,30.415,30.985,22230.0
2017-02-20,31.375999999999998,31.475,30.366,30.660999999999998,10308.0
2017-02-21,30.660999999999998,31.299,29.552,29.915,41169.0
2017-02-22,30.288,30.318,29.541999999999998,29.895,31166.0
2017-02-23,29.895,31.19,29.63,31.092,46419.0
2017-02-24,31.061999999999998,31.101999999999997,30.298000000000002,30.415,28071.0
2017-02-27,30.513,31.573,30.513,31.101999999999997,29968.0
2017-02-28,31.2,31.593000000000004,30.846,31.024,71551.0
2017-03-01,31.396,32.476,30.719,32.476,117306.0
2017-03-02,32.819,33.29,32.72,33.162,48984.0
2017-03-03,33.260999999999996,33.260999999999996,32.376999999999995,33.113,27195.0
2017-03-06,33.162,33.751,32.78,33.652,43605.0
2017-03-07,33.751,33.751,31.69,33.348,59827.0
2017-03-08,32.476,33.348,32.336999999999996,33.348,16726.0
2017-03-09,33.162,33.358000000000004,32.376999999999995,33.113,12593.0
2017-03-10,32.868,33.338,32.397,33.251999999999995,20124.0
2017-03-13,33.31,34.242,33.211999999999996,34.094,41482.0
2017-03-14,34.183,34.242,33.928000000000004,34.242,17059.0
2017-03-15,34.242,35.174,33.635,33.751,67769.0
2017-03-16,34.133,34.762,33.849000000000004,33.898,31762.0
2017-03-17,34.173,34.419000000000004,33.751,34.143,24280.0
2017-03-20,34.183,35.664,33.751,35.577,105911.0
2017-03-21,35.577,37.165,35.577,35.911,102831.0
2017-03-22,35.763000000000005,35.811,34.624,35.605,41148.0
2017-03-23,35.39,37.969,35.32,37.283,62368.0
2017-03-24,37.94,38.107,36.988,37.381,36052.0
2017-03-27,37.283,37.283,35.881,36.968,22575.0
2017-03-28,37.185,38.911,36.891,38.657,45768.0
2017-03-29,39.148,40.129,38.558,38.586999999999996,54529.0
2017-03-30,38.755,38.755,37.205,37.586,31340.0
2017-03-31,37.773,38.361999999999995,37.283,37.969,14432.0
2017-04-03,38.361999999999995,39.03,37.823,38.264,18684.0
2017-04-04,38.647,38.755,37.773,38.254,34638.0
2017-04-05,38.755,38.843,37.48,38.461,27094.0
2017-04-06,38.215,38.353,37.43,38.069,7650.0
2017-04-07,38.019,38.019,37.44,37.538000000000004,14545.0
2017-04-10,37.538000000000004,38.147,37.381,37.567,6644.0
2017-04-11,37.577,37.666,36.086999999999996,36.155,53577.0
2017-04-12,35.811,36.135,34.85,35.124,48673.0
2017-04-13,35.025999999999996,35.124,33.408,33.408,110082.0
2017-04-18,33.505,34.732,33.505,33.839,38657.0
2017-04-19,33.849000000000004,35.644,33.839,34.633,43252.0
2017-04-20,34.339,36.106,34.193000000000005,36.056999999999995,32969.0
2017-04-21,36.204,36.891,34.596,34.782,48583.0
2017-04-24,34.389,34.683,31.495,33.260999999999996,74936.0
2017-04-25,32.868,33.251999999999995,30.808000000000003,31.495,109809.0
2017-04-26,31.249000000000002,31.504,28.129,31.504,272812.0
2017-04-27,32.376999999999995,33.025,30.513,32.367,61510.0
2017-04-28,32.574,33.81,32.083,32.367,24141.0
2017-05-02,32.967,32.967,31.642,32.27,8058.0
2017-05-04,31.886999999999997,31.945999999999998,30.906,31.061999999999998,46808.0
2017-05-05,31.269000000000002,31.877,29.964000000000002,31.593000000000004,32451.0
2017-05-08,31.593000000000004,31.789,30.523000000000003,31.299,4500.0
2017-05-09,30.671,31.112,30.415,30.660999999999998,45804.0
2017-05-10,30.424,31.101999999999997,29.68,30.278000000000002,21877.0
2017-05-11,30.318,30.855999999999998,30.218000000000004,30.228,14393.0
2017-05-12,30.121,30.121,28.551,29.296999999999997,64017.0
2017-05-15,29.385,32.231,29.14,31.709,57323.0
2017-05-16,32.221,33.457,31.877,31.877,88478.0
2017-05-17,31.877,31.886999999999997,30.513,30.778000000000002,12755.0
2017-05-18,31.005,31.005,29.826,30.778000000000002,24326.0
2017-05-19,30.855999999999998,33.475,30.151,33.475,28622.0
2017-05-22,33.849000000000004,34.143,32.671,33.064,31142.0
2017-05-23,33.358000000000004,33.358000000000004,32.28,32.544000000000004,28786.0
2017-05-24,32.544000000000004,32.544000000000004,30.533,31.886999999999997,13598.0
2017-05-25,32.534,32.534,31.897,32.28,5970.0
2017-05-26,32.376999999999995,33.348,32.181,33.328,23869.0
2017-05-29,33.064,33.948,32.624,33.358000000000004,39495.0
2017-05-30,33.260999999999996,33.457,32.347,32.967,11416.0
2017-05-31,33.41,33.528,32.148,33.528,18907.0
2017-06-01,33.478,34.12,33.153,33.488,17155.0
2017-06-02,33.478,35.352,33.478,34.711,21361.0
2017-06-05,35.391999999999996,35.796,34.514,35.255,218101.0
2017-06-06,35.491,36.832,35.255,36.782,235644.0
2017-06-07,36.585,36.782,35.993,36.486999999999995,78336.0
2017-06-08,36.674,36.674,36.368,36.388000000000005,12699.0
2017-06-09,36.486999999999995,37.177,36.043,36.437,97950.0
2017-06-12,36.437,36.979,34.12,35.007,91140.0
2017-06-13,34.524,35.993,34.524,35.481,9466.0
2017-06-14,35.481,36.191,35.481,36.191,113573.0
2017-06-16,36.141,36.141,35.165,35.501,4569.0
2017-06-19,35.501,35.747,34.909,35.747,36604.0
2017-06-20,35.796,35.983000000000004,35.302,35.796,75483.0
2017-06-21,35.896,35.993,34.938,35.688,9398.0
2017-06-22,35.688,36.161,35.688,35.993,9312.0
2017-06-23,36.003,36.782,35.993,36.634,41097.0
2017-06-26,36.684,36.979,36.289,36.979,20877.0
2017-06-27,36.979,37.423,36.694,37.177,136328.0
2017-06-28,36.969,36.969,36.150999999999996,36.428000000000004,5277.0
2017-06-29,36.161,36.882,36.150999999999996,36.585,8924.0
2017-06-30,36.486999999999995,37.315,36.348,37.177,112526.0
2017-07-03,36.842,37.207,36.398,36.398,7411.0
2017-07-04,36.398,36.486999999999995,35.321999999999996,35.599000000000004,27210.0
2017-07-05,35.599000000000004,35.599000000000004,34.219,34.514,27805.0
2017-07-06,34.89,36.486999999999995,34.514,36.211,22797.0
2017-07-07,35.747,36.486999999999995,35.747,36.103,64970.0
2017-07-10,36.093,36.733000000000004,36.093,36.684,23943.0
2017-07-11,36.684,36.733000000000004,34.967,35.658,30378.0
2017-07-12,36.358000000000004,36.358000000000004,35.016999999999996,35.993,5386.0
2017-07-13,36.319,36.486999999999995,35.302,36.486999999999995,67423.0
2017-07-14,36.743,36.921,35.993,36.832,8779.0
2017-07-17,36.121,36.979,35.698,36.882,16704.0
2017-07-18,36.882,37.749,36.782,36.782,40602.0
2017-07-19,36.782,36.782,36.141,36.782,28770.0
2017-07-20,36.979,37.67,36.979,37.335,112815.0
2017-07-21,37.275,37.275,36.289,36.585,7162.0
2017-07-24,36.181,36.949,35.993,36.378,2052.0
2017-07-25,36.378,36.378,34.564,34.948,28886.0
2017-07-26,34.948,36.073,34.662,35.618,16146.0
2017-07-27,35.51,36.418,35.51,36.191,3202.0
2017-07-28,35.501,36.388000000000005,35.302,35.993,5261.0
2017-07-31,35.885999999999996,35.993,35.302,35.993,6995.0
2017-08-01,35.599000000000004,36.289,35.007,35.993,58447.0
2017-08-02,36.289,36.289,32.739000000000004,34.494,61086.0
2017-08-03,34.475,34.475,33.233000000000004,34.021,74110.0
2017-08-04,33.923,35.283,33.538000000000004,35.245,24561.0
2017-08-07,35.245,35.302,34.760999999999996,35.195,2254.0
2017-08-08,34.632,35.007,34.051,34.86,4963.0
2017-08-09,34.8,34.909,33.33,34.021,11815.0
2017-08-10,33.943000000000005,35.106,33.578,35.106,103692.0
2017-08-11,35.116,35.302,34.021,34.366,46653.0
2017-08-14,34.031,34.366,33.134,34.189,25765.0
2017-08-16,33.923,34.455999999999996,33.528,34.416,10283.0
2017-08-17,34.446,34.691,33.775,34.604,4869.0
2017-08-18,34.504,34.584,33.923,34.564,6890.0
2017-08-21,34.641999999999996,35.885999999999996,34.641999999999996,35.806,92483.0
2017-08-22,35.846,37.473,35.816,37.473,135988.0
2017-08-23,37.453,37.67,36.743,37.374,88829.0
2017-08-24,37.275,37.74,37.256,37.364000000000004,18550.0
2017-08-25,37.364000000000004,37.66,37.265,37.62,40343.0
2017-08-28,37.67,37.965,37.265,37.374,7519.0
2017-08-29,37.374,37.473,35.501,37.167,12529.0
2017-08-30,37.167,37.473,37.167,37.196999999999996,3571.0
2017-08-31,37.374,37.374,36.486999999999995,37.137,3314.0
2017-09-01,37.177,37.177,36.111999999999995,36.486999999999995,14109.0
2017-09-04,36.929,36.929,35.826,35.826,3039.0
2017-09-05,35.717,35.747,35.135,35.312,20546.0
2017-09-06,35.312,36.486999999999995,35.312,36.043,8030.0
2017-09-07,36.684,36.684,35.55,35.56,2159.0
2017-09-08,36.388000000000005,36.604,35.599000000000004,36.486999999999995,117516.0
2017-09-11,36.802,36.802,35.993,36.782,1940.0
2017-09-12,36.802,36.802,35.55,35.983000000000004,4337.0
2017-09-13,35.983000000000004,35.983000000000004,35.55,35.55,43074.0
2017-09-14,36.073,36.585,35.609,35.708,29115.0
2017-09-15,35.993,35.993,35.056999999999995,35.056999999999995,8982.0
2017-09-18,35.056999999999995,35.293,34.948,34.986999999999995,51226.0
2017-09-19,34.909,35.491,34.909,35.491,909.0
2017-09-20,35.973,36.083,35.235,35.896,6719.0
2017-09-21,34.613,35.391999999999996,34.613,35.332,40722.0
2017-09-22,35.442,35.58,35.302,35.51,47971.0
2017-09-25,35.55,36.486999999999995,35.55,36.486999999999995,72740.0
2017-09-26,36.289,36.378,35.777,36.378,576.0
2017-09-27,36.378,36.378,35.766999999999996,36.181,617.0
2017-09-28,36.181,36.181,33.675,34.760999999999996,63198.0
2017-09-29,34.416,36.191,34.219,36.191,81447.0
2017-10-02,36.181,36.181,34.239000000000004,34.396,25183.0
2017-10-03,34.306,34.524,34.219,34.336,7914.0
2017-10-04,34.179,34.396,33.685,33.685,48290.0
2017-10-05,33.548,33.548,32.098,33.33,21657.0
2017-10-06,33.33,33.33,32.789,33.035,20971.0
2017-10-09,32.809,33.528,31.359,31.408,33250.0
2017-10-10,31.398000000000003,32.838,30.975,31.851,53550.0
2017-10-11,32.236999999999995,32.247,31.616,32.048,5639.0
2017-10-12,32.374,33.36,32.364000000000004,33.36,6567.0
2017-10-13,33.134,33.134,32.048,32.247,6256.0
2017-10-16,32.542,33.233000000000004,31.693,32.424,3905.0
2017-10-17,32.256,32.434,31.851,32.404,1580.0
2017-10-18,31.961,32.434,31.555999999999997,31.941,3047.0
2017-10-19,32.424,32.424,30.669,30.915,56798.0
2017-10-20,30.915,31.061999999999998,30.324,30.807,5983.0
2017-10-23,30.6,32.838,30.6,32.048,88335.0
2017-10-24,32.247,32.809,31.211,32.542,73857.0
2017-10-25,32.344,34.641999999999996,32.344,34.416,72533.0
2017-10-26,34.465,34.514,33.035,33.035,4614.0
2017-10-27,33.005,33.628,33.005,33.528,978.0
2017-10-30,33.528,34.306,32.344,32.344,9104.0
2017-10-31,32.542,33.41,31.803,33.41,39889.0
2017-11-02,33.32,33.32,32.552,33.233000000000004,370.0
2017-11-03,33.282,33.33,31.961,33.134,4828.0
2017-11-06,33.134,33.311,32.335,32.335,2285.0
2017-11-07,32.532,32.542,31.783,32.029,41991.0
2017-11-08,31.980999999999998,31.980999999999998,30.796999999999997,31.3,56244.0
2017-11-09,30.965,31.516,30.865,31.061999999999998,1383.0
2017-11-10,30.836,31.436999999999998,29.544,30.471,106647.0
2017-11-13,30.471,30.55,29.1,30.076,6764.0
2017-11-14,29.643,30.066,29.19,29.584,37292.0
2017-11-15,29.979,29.979,29.338,29.683000000000003,4328.0
2017-11-16,29.081,29.584,27.493000000000002,28.4,62191.0
2017-11-17,28.596999999999998,29.09,28.529,29.051,4697.0
2017-11-20,29.288,30.57,29.288,30.57,23998.0
2017-11-21,30.57,31.014,30.076,30.076,8546.0
2017-11-22,30.294,30.294,29.386999999999997,29.485,25713.0
2017-11-23,29.505,29.929000000000002,29.386999999999997,29.386999999999997,60956.0
2017-11-24,29.397,29.771,29.19,29.574,1798.0
2017-11-27,29.564,29.564,28.794,29.19,4223.0
2017-11-28,29.19,30.865,28.993000000000002,30.56,23349.0
2017-11-29,30.274,31.546,30.274,31.061999999999998,8265.0
2017-11-30,31.24,31.359,29.19,29.584,22711.0
2017-12-01,30.511,30.511,30.076,30.076,15035.0
2017-12-04,30.412,30.412,28.4,28.596999999999998,42696.0
2017-12-05,28.627,29.979,27.73,29.584,57091.0
2017-12-06,29.574,29.584,28.105,28.252,49819.0
2017-12-07,28.479,29.425,28.479,29.09,12390.0
2017-12-08,28.706,29.859,28.706,29.859,15901.0
2017-12-11,29.859,30.176,29.495,30.096,12733.0
2017-12-12,30.076,30.224,29.929000000000002,30.224,7557.0
2017-12-13,30.294,30.905,30.274,30.865,12762.0
2017-12-14,31.447,32.167,31.359,31.625999999999998,33282.0
2017-12-15,31.941,33.47,31.930999999999997,32.542,61528.0
2017-12-18,32.414,33.005,31.546,31.546,21095.0
2017-12-19,32.138000000000005,33.44,31.803,33.084,37388.0
2017-12-20,33.44,33.913000000000004,33.33,33.874,63329.0
2017-12-21,33.874,34.909,32.689,32.689,89248.0
2017-12-22,32.739000000000004,34.613,32.739000000000004,34.219,85069.0
2017-12-27,34.219,35.097,32.542,32.542,83065.0
2017-12-28,34.416,35.382,33.144,34.514,300518.0
2017-12-29,33.035,35.302,32.907,35.302,312938.0
2018-01-03,34.564,35.302,34.416,34.416,15435.0
2018-01-04,35.302,35.302,33.725,33.725,15660.0
2018-01-05,34.760999999999996,34.760999999999996,33.725,33.725,16164.0
2018-01-08,33.528,34.269,33.134,33.134,7481.0
2018-01-09,33.134,33.923,32.689,33.528,12640.0
2018-01-10,33.528,34.021,33.282,33.528,1493.0
2018-01-11,33.923,33.971,32.739000000000004,33.183,4249.0
2018-01-12,33.233000000000004,34.711,33.233000000000004,34.416,11846.0
2018-01-15,34.662,35.352,34.662,35.352,9845.0
2018-01-16,35.352,35.352,34.514,34.909,11692.0
2018-01-17,34.909,34.909,34.021,34.12,3202.0
2018-01-18,34.416,34.514,33.33,33.43,8069.0
2018-01-19,33.528,34.514,33.528,34.219,2911.0
2018-01-22,34.169000000000004,34.169000000000004,32.887,33.33,9785.0
2018-01-23,33.233000000000004,33.923,31.605999999999998,33.33,37746.0
2018-01-24,33.33,33.874,33.33,33.628,2162.0
2018-01-25,33.725,33.775,32.641999999999996,33.775,3336.0
2018-01-26,33.725,33.775,33.084,33.084,1113.0
2018-01-29,33.628,33.628,33.233000000000004,33.528,2651.0
2018-01-30,33.628,34.021,32.641999999999996,32.641999999999996,10329.0
2018-01-31,32.641999999999996,32.937,32.344,32.344,7161.0
2018-02-01,32.542,32.542,31.753,32.148,5617.0
2018-02-02,31.703000000000003,32.492,31.061999999999998,31.359,18806.0
2018-02-05,31.061999999999998,32.937,29.633000000000003,32.048,14137.0
2018-02-06,29.584,31.359,29.584,31.31,29545.0
2018-02-07,31.753,33.035,31.555999999999997,32.641999999999996,16804.0
2018-02-08,32.838,32.838,31.061999999999998,31.555999999999997,20193.0
2018-02-09,30.865,31.061999999999998,30.076,30.57,12892.0
2018-02-12,30.669,31.555999999999997,30.421,30.421,8568.0
2018-02-13,30.57,31.359,30.57,31.061999999999998,23842.0
2018-02-14,31.31,32.148,30.717,31.506,24170.0
2018-02-15,32.048,32.048,31.162,31.555999999999997,1958.0
2018-02-16,31.555999999999997,32.048,31.555999999999997,31.951,27482.0
2018-02-19,32.196999999999996,32.196999999999996,31.456999999999997,32.148,9881.0
2018-02-20,32.148,33.528,31.951,32.838,10960.0
2018-02-21,33.282,33.43,33.035,33.084,5279.0
2018-02-22,33.035,33.035,32.344,32.641999999999996,2625.0
2018-02-23,32.641999999999996,33.233000000000004,32.641999999999996,32.641999999999996,8150.0
2018-02-26,33.134,33.33,31.703000000000003,31.703000000000003,9028.0
2018-02-27,31.951,32.344,31.605999999999998,31.753,14109.0
2018-02-28,31.703000000000003,31.703000000000003,29.781,30.865,63898.0
2018-03-01,30.767,31.061999999999998,29.288,30.125999999999998,37600.0
2018-03-02,30.125999999999998,30.421,29.386999999999997,29.979,11282.0
2018-03-05,29.979,30.324,28.647,29.83,40477.0
2018-03-06,30.076,31.061999999999998,29.979,30.816999999999997,15198.0
2018-03-07,30.767,32.542,29.386999999999997,31.359,72632.0
2018-03-08,31.951,31.951,31.061999999999998,31.162,2256.0
2018-03-09,30.669,31.162,30.176,30.816999999999997,7058.0
2018-03-12,30.57,31.061999999999998,29.781,30.076,8709.0
2018-03-13,30.026999999999997,30.471,29.781,30.471,4334.0
2018-03-14,29.879,30.816999999999997,29.879,30.669,13257.0
2018-03-15,30.669,30.816999999999997,30.076,30.57,2018.0
2018-03-16,30.62,30.767,29.584,30.57,6316.0
2018-03-19,30.274,30.52,29.732,29.781,4240.0
2018-03-20,30.076,30.52,29.584,30.224,8689.0
2018-03-21,30.224,30.471,29.584,29.83,14112.0
2018-03-22,29.879,30.816999999999997,29.435,30.076,9826.0
2018-03-23,30.373,30.373,29.485,29.732,19273.0
2018-03-26,29.584,29.979,28.993000000000002,29.19,16912.0
2018-03-27,29.584,30.373,29.435,29.879,38168.0
2018-03-28,29.584,29.584,27.906999999999996,28.697,43183.0
2018-03-29,28.596999999999998,29.386999999999997,28.4,29.19,14836.0
2018-04-03,29.288,29.584,28.596999999999998,28.596999999999998,7079.0
2018-04-04,28.596999999999998,29.09,28.351999999999997,28.844,18833.0
2018-04-05,28.596999999999998,29.386999999999997,28.596999999999998,29.238000000000003,2737.0
2018-04-06,29.19,29.288,28.893,28.993000000000002,2003.0
2018-04-09,29.09,29.584,28.993000000000002,29.435,8848.0
2018-04-10,29.534000000000002,30.076,29.386999999999997,30.026999999999997,7747.0
2018-04-11,30.026999999999997,30.57,29.683000000000003,30.57,3268.0
2018-04-12,30.026999999999997,30.57,30.026999999999997,30.026999999999997,5465.0
2018-04-13,30.373,30.373,29.732,29.879,6278.0
2018-04-16,29.781,30.026999999999997,29.633000000000003,29.879,8839.0
2018-04-17,29.584,29.83,29.09,29.485,18369.0
2018-04-18,29.584,29.584,29.288,29.435,9252.0
2018-04-19,29.435,30.026999999999997,29.288,29.781,7171.0
2018-04-20,29.435,29.879,29.338,29.584,7583.0
2018-04-23,29.485,29.879,29.386999999999997,29.781,6192.0
2018-04-24,29.584,29.83,29.435,29.584,9554.0
2018-04-25,29.584,30.125999999999998,28.596999999999998,29.584,34980.0
2018-04-26,29.584,30.125999999999998,28.993000000000002,29.584,28853.0
2018-04-27,29.584,30.125999999999998,29.386999999999997,30.125999999999998,7733.0
2018-04-30,30.125999999999998,30.274,29.584,30.274,12636.0
2018-05-02,30.274,30.274,29.485,30.026999999999997,3188.0
2018-05-04,30.176,30.224,29.584,29.781,2227.0
2018-05-07,29.584,29.584,28.794,29.435,6025.0
2018-05-08,29.09,29.386999999999997,28.499000000000002,29.386999999999997,12015.0
2018-05-09,29.288,29.338,28.596999999999998,29.09,6359.0
2018-05-10,29.14,29.19,28.548000000000002,28.893,2526.0
2018-05-11,29.09,29.09,28.105,28.499000000000002,9160.0
2018-05-14,28.449,28.844,27.711,28.794,21205.0
2018-05-15,28.794,28.943,28.449,28.596999999999998,2346.0
2018-05-16,28.893,29.683000000000003,28.548000000000002,29.14,14959.0
2018-05-17,29.485,29.485,28.647,29.14,5817.0
2018-05-18,29.485,29.534000000000002,28.499000000000002,29.19,4479.0
2018-05-21,29.288,29.288,27.858,28.596999999999998,18628.0
2018-05-22,28.105,29.386999999999997,28.055,28.596999999999998,10653.0
2018-05-23,28.203000000000003,29.041,28.105,28.596999999999998,12216.0
2018-05-24,29.19,30.421,29.09,30.076,46669.0
2018-05-25,30.373,31.456999999999997,30.373,30.915,19143.0
2018-05-28,30.915,30.915,29.534000000000002,30.816999999999997,27789.0
2018-05-29,30.669,31.31,29.534000000000002,31.061999999999998,14682.0
2018-05-30,30.57,30.816999999999997,30.125999999999998,30.57,16881.0
2018-06-01,30.373,30.373,29.386999999999997,29.386999999999997,9817.0
2018-06-04,29.435,29.732,29.19,29.19,6655.0
2018-06-05,29.19,29.979,28.844,29.929000000000002,12183.0
2018-06-06,30.421,30.421,29.584,29.929000000000002,1796.0
2018-06-07,29.781,30.076,29.386999999999997,29.386999999999997,2976.0
2018-06-08,29.386999999999997,30.57,29.288,30.52,17119.0
2018-06-11,31.165,31.214000000000002,30.421,30.62,2698.0
2018-06-12,30.818,30.818,29.776999999999997,30.174,1527.0
2018-06-13,29.776999999999997,30.62,29.629,30.223000000000003,22358.0
2018-06-14,29.826999999999998,31.214000000000002,29.826999999999998,30.718000000000004,15594.0
2018-06-15,30.52,31.214000000000002,30.421,31.214000000000002,7723.0
2018-06-18,31.016,31.214000000000002,30.421,31.214000000000002,5772.0
2018-06-19,31.214000000000002,31.214000000000002,30.421,31.214000000000002,2757.0
2018-06-20,31.214000000000002,32.353,30.52,31.611,14922.0
2018-06-21,31.611,31.611,30.818,31.462,1705.0
2018-06-22,30.916999999999998,31.611,30.57,31.214000000000002,2000.0
2018-06-25,30.818,31.462,30.223000000000003,30.223000000000003,6935.0
2018-06-26,30.718000000000004,30.718000000000004,28.935,29.084,17099.0
2018-06-27,29.084,29.728,28.935,29.232,27022.0
2018-06-28,29.629,31.660999999999998,29.579,31.165,13928.0
2018-06-29,31.165,32.453,30.57,32.453,36541.0
2018-07-02,32.353,32.353,31.660999999999998,31.660999999999998,6170.0
2018-07-03,31.709,32.75,31.709,32.7,13190.0
2018-07-04,32.7,33.691,32.453,33.344,14409.0
2018-07-05,33.394,34.187,32.949,33.097,8016.0
2018-07-06,33.097,33.593,31.016,31.412,23704.0
2018-07-09,31.611,32.205,30.52,31.362,10287.0
2018-07-10,30.866999999999997,31.908,30.866999999999997,31.709,5647.0
2018-07-11,31.660999999999998,31.759,31.016,31.709,1818.0
2018-07-12,31.412,31.561,30.818,31.214000000000002,750.0
2018-07-13,31.214000000000002,31.314,30.52,30.916999999999998,1529.0
2018-07-16,31.165,31.561,30.52,31.065,2543.0
2018-07-17,31.412,34.385,31.412,33.89,24367.0
2018-07-18,33.89,33.89,32.75,32.997,2678.0
2018-07-19,32.7,33.196,32.255,32.7,9276.0
2018-07-20,33.097,33.196,32.7,33.097,7200.0
2018-07-23,33.196,33.196,32.7,32.949,2907.0
2018-07-24,32.949,32.949,32.353,32.403,1211.0
2018-07-25,32.8,32.8,32.106,32.652,893.0
2018-07-26,32.353,32.353,31.809,31.958000000000002,1356.0
2018-07-27,31.958000000000002,33.196,31.412,33.196,7505.0
2018-07-30,33.146,33.146,32.403,32.602,4437.0
2018-07-31,32.7,32.8,31.908,32.652,19636.0
2018-08-01,32.7,32.8,32.403,32.7,878.0
2018-08-02,32.403,32.7,31.908,32.652,1462.0
2018-08-03,32.652,32.899,32.255,32.403,19902.0
2018-08-06,32.403,33.593,32.305,33.196,23126.0
2018-08-07,33.593,35.525,33.196,35.029,58780.0
2018-08-08,35.228,35.475,34.385,34.782,44797.0
2018-08-09,34.782,35.426,34.484,34.584,14387.0
2018-08-10,34.385,34.385,33.988,34.038000000000004,4915.0
2018-08-13,34.137,34.236999999999995,32.997,33.097,14811.0
2018-08-14,33.097,33.691,32.453,32.7,19689.0
2018-08-16,32.7,33.691,32.7,32.7,11555.0
2018-08-17,32.8,32.8,30.025,31.115,35436.0
2018-08-20,32.205,32.305,30.916999999999998,32.205,44484.0
2018-08-21,32.453,33.593,31.362,31.709,47961.0
2018-08-22,31.214000000000002,33.89,30.916999999999998,33.691,38312.0
2018-08-23,32.7,33.493,32.7,32.7,5512.0
2018-08-24,32.403,32.403,31.660999999999998,31.660999999999998,27668.0
2018-08-27,31.511,32.007,31.214000000000002,31.362,3197.0
2018-08-28,31.214000000000002,33.593,31.214000000000002,33.493,19479.0
2018-08-29,33.196,33.84,32.602,33.593,6605.0
2018-08-30,34.038000000000004,34.038000000000004,32.997,33.296,2313.0
2018-08-31,33.047,35.079,32.056,34.681999999999995,66307.0
2018-09-03,34.681999999999995,35.079,32.7,32.849000000000004,16515.0
2018-09-04,33.691,34.187,32.899,32.997,3067.0
2018-09-05,33.444,33.988,32.997,33.296,2079.0
2018-09-06,32.949,33.246,32.8,32.849000000000004,4802.0
2018-09-07,32.849000000000004,33.444,32.7,33.146,2602.0
2018-09-10,32.8,33.146,32.501999999999995,32.7,2131.0
2018-09-11,32.997,33.146,32.205,32.8,59020.0
2018-09-12,33.047,33.047,32.403,32.899,381.0
2018-09-13,33.543,33.543,32.8,33.444,1978.0
2018-09-14,33.593,34.385,33.493,33.691,4819.0
2018-09-17,34.137,34.137,33.296,33.296,4175.0
2018-09-18,33.296,33.691,33.196,33.691,469.0
2018-09-19,33.691,33.691,33.196,33.246,2947.0
2018-09-20,33.196,33.641,32.899,33.196,3676.0
2018-09-21,33.196,33.641,32.7,33.344,936.0
2018-09-24,33.444,33.444,32.353,32.552,3705.0
2018-09-25,33.097,33.641,32.75,33.493,1218.0
2018-09-26,33.593,33.593,32.602,33.394,2126.0
2018-09-27,32.8,33.641,32.552,32.602,629.0
2018-09-28,33.493,33.641,33.047,33.296,8572.0
2018-10-01,33.593,33.593,32.602,33.593,23367.0
2018-10-02,33.593,33.84,33.543,33.593,2461.0
2018-10-03,33.691,33.691,33.543,33.593,1064.0
2018-10-04,33.593,33.593,33.097,33.593,2853.0
2018-10-05,33.196,33.344,32.849000000000004,33.344,519.0
2018-10-08,33.344,33.344,32.305,33.196,2295.0
2018-10-09,33.196,33.196,32.403,32.7,2490.0
2018-10-10,32.75,32.899,31.709,31.709,5877.0
2018-10-11,31.264,32.156,29.926,30.967,46362.0
2018-10-12,30.223000000000003,31.016,30.223000000000003,30.52,26270.0
2018-10-15,30.52,31.511,30.421,31.511,7242.0
2018-10-16,30.967,31.511,30.967,31.511,491.0
2018-10-17,31.264,31.511,30.967,31.065,2010.0
2018-10-18,31.412,31.412,30.768,31.016,1530.0
2018-10-19,30.025,30.967,29.629,30.223000000000003,26252.0
2018-10-22,30.074,30.223000000000003,29.679000000000002,29.826999999999998,5443.0
2018-10-23,29.728,30.718000000000004,29.43,29.728,7086.0
2018-10-24,29.728,30.421,29.331999999999997,29.826999999999998,2912.0
2018-10-25,29.133000000000003,29.232,28.241,28.785999999999998,32823.0
2018-10-26,28.985,29.629,28.638,29.084,6625.0
2018-10-29,29.133000000000003,29.579,28.638,28.985,8113.0
2018-10-30,29.133000000000003,29.232,28.688000000000002,28.985,14026.0
2018-10-31,29.183000000000003,29.331999999999997,28.836,29.331999999999997,887.0
2018-11-02,29.629,31.065,29.48,30.223000000000003,8100.0
2018-11-05,30.174,30.174,29.579,29.579,1687.0
2018-11-06,29.529,29.579,29.133000000000003,29.183000000000003,9763.0
2018-11-07,29.084,29.728,29.084,29.728,9584.0
2018-11-08,30.223000000000003,30.67,29.43,29.679000000000002,1581.0
2018-11-09,29.629,29.926,29.232,29.728,7359.0
2018-11-13,29.232,29.529,28.340999999999998,29.529,5363.0
2018-11-14,29.529,29.926,29.133000000000003,29.728,307.0
2018-11-15,30.718000000000004,30.916999999999998,29.776999999999997,29.776999999999997,4489.0
2018-11-16,30.471,30.471,28.785999999999998,29.679000000000002,3971.0
2018-11-19,29.579,29.679000000000002,27.994,28.439,18378.0
2018-11-20,28.737,29.579,28.39,29.232,12678.0
2018-11-21,28.737,29.529,28.737,29.529,4113.0
2018-11-22,29.48,30.471,29.43,29.776999999999997,8107.0
2018-11-23,30.174,30.323,30.174,30.273000000000003,3124.0
2018-11-26,30.52,30.718000000000004,29.728,30.471,2025.0
2018-11-27,30.62,31.214000000000002,30.62,30.916999999999998,5557.0
2018-11-28,31.115,31.165,30.074,31.016,8205.0
2018-11-29,31.016,31.214000000000002,30.62,31.214000000000002,3509.0
2018-11-30,31.214000000000002,31.561,31.214000000000002,31.214000000000002,7551.0
2018-12-03,31.314,31.611,31.314,31.611,3477.0
2018-12-04,31.115,32.403,31.065,32.403,12018.0
2018-12-05,32.501999999999995,32.7,31.709,31.908,2361.0
2018-12-06,32.007,32.7,31.016,32.205,7270.0
2018-12-07,32.205,32.501999999999995,31.809,32.453,3342.0
2018-12-10,31.511,32.156,30.174,32.056,6695.0
2018-12-11,32.056,32.106,31.016,32.106,5375.0
2018-12-12,32.056,32.205,31.264,32.205,6976.0
2018-12-13,32.205,32.501999999999995,31.809,31.908,1400.0
2018-12-14,31.908,32.255,31.314,31.709,37544.0
2018-12-17,31.660999999999998,32.205,31.561,31.908,5290.0
2018-12-18,31.611,32.007,31.165,31.462,57227.0
2018-12-19,31.511,31.561,30.718000000000004,31.115,7354.0
2018-12-20,30.916999999999998,31.115,30.323,30.62,8228.0
2018-12-21,30.62,30.916999999999998,30.025,30.818,8066.0
2018-12-27,30.916999999999998,31.709,30.323,31.611,3153.0
2018-12-28,30.866999999999997,31.214000000000002,30.866999999999997,30.967,10723.0
2019-01-02,30.718000000000004,30.916999999999998,29.875999999999998,30.818,593.0
2019-01-03,30.52,30.718000000000004,30.421,30.718000000000004,1931.0
2019-01-04,30.421,30.718000000000004,30.223000000000003,30.67,1625.0
2019-01-07,30.67,30.67,29.43,30.174,2988.0
2019-01-08,29.629,31.065,29.579,29.679000000000002,4893.0
2019-01-09,29.926,29.926,29.679000000000002,29.926,4200.0
2019-01-10,30.273000000000003,30.323,29.728,30.273000000000003,903.0
2019-01-11,29.875999999999998,30.174,29.728,30.025,3477.0
2019-01-14,30.223000000000003,30.471,30.223000000000003,30.323,782.0
2019-01-15,31.264,31.362,30.421,31.214000000000002,3866.0
2019-01-16,31.214000000000002,31.314,31.214000000000002,31.214000000000002,1015.0
2019-01-17,30.916999999999998,31.115,30.223000000000003,30.768,6208.0
2019-01-18,31.115,31.115,30.421,30.768,2040.0
2019-01-21,30.768,30.768,30.52,30.718000000000004,1600.0
2019-01-22,31.362,31.362,30.62,30.818,6342.0
2019-01-23,31.115,32.205,31.065,31.511,6279.0
2019-01-24,31.709,32.056,31.314,31.709,3905.0
2019-01-25,31.362,31.511,31.214000000000002,31.412,482.0
2019-01-28,32.7,33.444,32.7,33.097,20831.0
2019-01-29,33.196,34.435,33.196,34.187,12516.0
2019-01-30,34.385,35.029,34.137,34.782,13145.0
2019-01-31,35.079,35.079,34.187,34.287,5190.0
2019-02-01,34.584,34.681999999999995,33.741,34.681999999999995,4457.0
2019-02-04,34.681999999999995,34.979,34.187,34.681999999999995,12079.0
2019-02-05,34.681999999999995,34.979,34.681999999999995,34.681999999999995,7796.0
2019-02-06,34.782,34.782,33.89,34.187,2606.0
2019-02-07,34.287,34.681999999999995,32.75,34.287,7378.0
2019-02-08,34.385,34.782,34.385,34.681999999999995,9842.0
2019-02-11,34.782,34.782,34.088,34.782,2777.0
2019-02-12,34.681999999999995,34.782,34.534,34.782,2397.0
2019-02-13,34.782,34.979,34.584,34.979,2101.0
2019-02-14,34.979,37.556,34.979,37.457,265692.0
2019-02-15,37.854,40.628,37.854,38.249,170225.0
2019-02-18,38.646,39.141999999999996,36.863,38.448,31667.0
2019-02-19,38.646,38.795,38.001999999999995,38.399,4067.0
2019-02-20,37.854,38.150999999999996,37.408,37.655,5302.0
2019-02-21,37.457,37.655,37.16,37.457,3408.0
2019-02-22,37.16,37.903,36.961,37.605,6220.0
2019-02-25,37.804,38.696,37.655,38.101,5536.0
2019-02-26,38.101,38.101,36.863,38.101,5888.0
2019-02-27,38.101,38.101,36.961,37.655,3293.0
2019-02-28,37.655,37.655,37.11,37.556,1113.0
2019-03-01,37.308,38.052,37.21,38.052,1440.0
2019-03-04,38.448,39.092,38.448,39.043,7297.0
2019-03-05,39.191,40.330999999999996,39.191,40.231,15624.0
2019-03-06,40.231,43.799,39.687,43.007,35151.0
2019-03-07,42.708999999999996,44.69,41.718,44.69,29011.0
2019-03-08,45.38399999999999,47.763000000000005,44.295,47.168,161615.0
2019-03-11,47.515,47.614,43.799,45.236000000000004,87554.0
2019-03-12,44.888999999999996,46.128,43.303999999999995,43.303999999999995,14345.0
2019-03-13,43.303999999999995,44.888999999999996,41.619,44.195,17502.0
2019-03-14,44.443000000000005,44.79,43.601000000000006,44.542,3943.0
2019-03-15,44.592,44.79,44.195,44.592,1534.0
2019-03-18,44.592,47.168,44.592,45.583,17309.0
2019-03-19,46.277,47.36600000000001,45.286,46.474,9105.0
2019-03-20,46.375,46.375,44.592,45.583,4702.0
2019-03-21,45.93,46.078,44.839,45.434,8954.0
2019-03-22,45.979,46.375,45.38399999999999,45.583,4622.0
2019-03-25,45.583,46.523999999999994,45.583,45.681000000000004,2872.0
2019-03-26,45.633,46.425,45.633,45.979,53223.0
2019-03-27,46.177,47.316,43.748999999999995,44.493,13432.0
2019-03-28,45.483000000000004,45.483000000000004,42.114,42.61,23266.0
2019-03-29,41.718,43.303999999999995,41.123000000000005,41.619,34791.0
2019-04-01,42.412,45.583,42.412,45.583,39672.0
2019-04-02,46.078,50.636,45.335,50.537,123451.0
2019-04-03,50.141000000000005,50.141000000000005,47.168,47.565,52506.0
2019-04-04,48.06,48.506,47.168,47.565,6623.0
2019-04-05,47.515,48.06,44.096000000000004,45.18600000000001,42381.0
2019-04-08,45.18600000000001,46.177,44.93899999999999,45.18600000000001,23693.0
2019-04-09,45.681000000000004,47.465,45.483000000000004,45.731,3291.0
2019-04-10,46.177,46.474,45.18600000000001,45.781000000000006,20808.0
2019-04-11,45.681000000000004,46.227,45.286,45.681000000000004,2141.0
2019-04-12,45.731,46.277,45.086999999999996,45.18600000000001,5043.0
2019-04-15,45.137,45.88,44.641999999999996,45.037,6347.0
2019-04-16,45.979,45.979,43.998000000000005,44.195,6975.0
2019-04-17,44.69,45.583,44.295,44.69,880.0
2019-04-18,44.146,45.533,43.105,43.601000000000006,5949.0
2019-04-23,45.533,45.533,44.096000000000004,44.393,6167.0
2019-04-24,44.393,44.393,43.303999999999995,43.898,155502.0
2019-04-25,43.898,44.343999999999994,43.402,43.7,54172.0
2019-04-26,39.637,42.213,36.764,41.123000000000005,103323.0
2019-04-29,41.323,41.771,40.475,41.771,5398.0
2019-04-30,41.771,43.566,41.771,42.37,5597.0
2019-05-02,42.968,43.566,42.519,42.868,3029.0
2019-05-06,42.568999999999996,43.167,41.871,42.021,26147.0
2019-05-07,42.021,42.37,41.522,41.871,2227.0
2019-05-08,41.871,42.768,41.622,41.672,2634.0
2019-05-09,41.522,41.871,40.226,40.226,7734.0
2019-05-10,40.326,41.871,39.279,39.379,11177.0
2019-05-13,40.376,40.376,38.382,39.179,10020.0
2019-05-14,37.186,38.88,37.135999999999996,37.883,23597.0
2019-05-15,38.781,38.781,37.235,38.631,26386.0
2019-05-16,38.232,39.678000000000004,38.232,39.678000000000004,13817.0
2019-05-17,39.778,40.874,38.731,40.675,4459.0
2019-05-20,40.874,40.874,39.778,40.077,2881.0
2019-05-21,38.98,40.176,38.98,39.778,1260.0
2019-05-22,39.03,40.176,38.93,39.379,15742.0
2019-05-23,39.827,40.176,39.479,39.479,2188.0
2019-05-24,39.479,40.176,39.479,40.126999999999995,1923.0
2019-05-27,40.176,42.27,40.176,41.871,4918.0
2019-05-28,42.27,42.768,42.021,42.718999999999994,4267.0
2019-05-29,42.669,42.669,40.874,40.924,4635.0
2019-05-30,40.874,42.071000000000005,40.675,40.874,4385.0
2019-05-31,41.423,42.071000000000005,40.775,41.871,1044.0
2019-06-03,40.924,42.17,40.924,41.92100000000001,2640.0
2019-06-04,41.571999999999996,41.571999999999996,40.675,40.974,1982.0
2019-06-05,40.725,40.725,39.977,40.077,1851.0
2019-06-06,39.876999999999995,40.027,39.08,40.027,4988.0
2019-06-07,40.027,41.722,40.027,41.074,1414.0
2019-06-10,41.571999999999996,41.871,40.126999999999995,41.323,1452.0
2019-06-11,41.323,41.871,41.323,41.373000000000005,1269.0
2019-06-12,41.074,42.468999999999994,41.074,42.468999999999994,5466.0
2019-06-13,42.468999999999994,44.263999999999996,42.468999999999994,43.865,7797.0
2019-06-14,43.765,44.762,43.765,44.711999999999996,3551.0
2019-06-17,44.762,46.607,44.762,45.61,4511.0
2019-06-18,45.61,45.61,44.363,44.762,2823.0
2019-06-19,45.36,45.36,43.516000000000005,43.865,49430.0
2019-06-21,43.965,45.36,43.865,45.111000000000004,3164.0
2019-06-24,45.211000000000006,45.66,43.765,44.961999999999996,3152.0
2019-06-25,45.06100000000001,45.161,44.06399999999999,45.161,1730.0
2019-06-26,45.51,45.51,43.466,44.861999999999995,1622.0
2019-06-27,44.861999999999995,45.111000000000004,43.167,43.516000000000005,4580.0
2019-06-28,44.31399999999999,44.31399999999999,43.666000000000004,43.666000000000004,1245.0
2019-07-01,43.666000000000004,44.861999999999995,43.666000000000004,44.363,1230.0
2019-07-02,44.762,44.762,43.416000000000004,44.663000000000004,1463.0
2019-07-03,44.613,44.613,43.865,44.563,2755.0
2019-07-04,44.563,47.255,44.015,46.656000000000006,14043.0
2019-07-05,46.856,47.255,46.357,46.457,7862.0
2019-07-08,46.556999999999995,46.556999999999995,45.06100000000001,45.66,6084.0
2019-07-09,45.66,46.706,45.161,45.261,2207.0
2019-07-10,46.258,46.357,45.06100000000001,46.008,51050.0
2019-07-11,46.008,46.357,45.261,46.008,3325.0
2019-07-12,46.158,48.6,45.858999999999995,48.401,11106.0
2019-07-15,48.401,49.248000000000005,46.407,46.457,16422.0
2019-07-16,47.105,48.351000000000006,46.556999999999995,46.806000000000004,5094.0
2019-07-17,47.155,47.853,46.507,47.354,5426.0
2019-07-18,47.354,47.803000000000004,45.909,46.158,8253.0
2019-07-19,46.856,47.952,46.208,47.853,31263.0
2019-07-22,47.952,49.148999999999994,47.255,47.255,7291.0
2019-07-23,47.753,48.152,47.45399999999999,47.553999999999995,4745.0
2019-07-24,47.853,48.052,47.853,48.052,3157.0
2019-07-25,48.351000000000006,48.351000000000006,47.553999999999995,47.703,1275.0
2019-07-26,48.251999999999995,48.251999999999995,47.155,47.653,1940.0
2019-07-29,47.653,47.653,46.656000000000006,46.656000000000006,2516.0
2019-07-30,46.208,46.457,43.915,45.858999999999995,43619.0
2019-07-31,45.161,45.958999999999996,44.413000000000004,45.75899999999999,13929.0
2019-08-01,45.858999999999995,45.858999999999995,44.711999999999996,44.861999999999995,6552.0
2019-08-02,44.463,45.111000000000004,43.965,43.965,6446.0
2019-08-05,43.815,43.815,41.622,42.868,14451.0
2019-08-06,41.423,43.217,41.273,42.568999999999996,4177.0
2019-08-07,42.27,42.868,40.525,40.874,7367.0
2019-08-08,40.725,42.669,40.725,41.971000000000004,3234.0
2019-08-09,42.669,42.669,40.874,40.874,10864.0
2019-08-12,41.173,42.32,39.827,41.173,13282.0
2019-08-13,41.123000000000005,42.021,40.575,40.874,11745.0
2019-08-14,40.625,41.722,40.625,40.874,8162.0
2019-08-16,41.373000000000005,42.568999999999996,40.625,40.874,4510.0
2019-08-19,41.571999999999996,41.771,40.874,41.373000000000005,5315.0
2019-08-20,41.373000000000005,42.568999999999996,40.924,41.373000000000005,2413.0
2019-08-21,41.373000000000005,41.373000000000005,40.974,41.173,1775.0
2019-08-22,41.373000000000005,41.871,40.675,40.874,3396.0
2019-08-23,40.874,41.771,40.475,40.675,1988.0
2019-08-26,40.376,40.675,39.728,40.376,13292.0
2019-08-27,40.275999999999996,40.275999999999996,39.728,39.876999999999995,11339.0
2019-08-28,40.275999999999996,40.675,39.528,39.876999999999995,12825.0
2019-08-29,39.678000000000004,40.475,39.678000000000004,40.475,1847.0
2019-08-30,40.625,42.868,39.678000000000004,40.326,16138.0
2019-09-02,40.275999999999996,42.32,40.275999999999996,41.123000000000005,7444.0
2019-09-03,41.871,41.871,40.525,40.874,2311.0
2019-09-04,40.824,41.722,40.077,41.074,3851.0
2019-09-05,41.023999999999994,41.672,40.625,41.323,1095.0
2019-09-06,40.974,41.672,40.376,40.376,4182.0
2019-09-09,41.223,41.423,39.678000000000004,40.027,12178.0
2019-09-10,40.625,40.625,38.282,38.382,19815.0
2019-09-11,38.482,40.525,37.834,39.876999999999995,13177.0
2019-09-12,40.575,40.575,39.479,40.027,10271.0
2019-09-13,40.027,41.173,39.778,40.376,10705.0
2019-09-16,41.123000000000005,41.821000000000005,40.376,40.575,10329.0
2019-09-17,41.273,41.622,39.977,40.525,5368.0
2019-09-18,41.273,42.071000000000005,40.376,41.074,7461.0
2019-09-19,41.672,41.821000000000005,40.874,41.173,8466.0
2019-09-20,41.672,41.771,41.123000000000005,41.123000000000005,5974.0
2019-09-23,41.771,44.31399999999999,40.874,43.317,20303.0
2019-09-24,44.214,46.108000000000004,44.06399999999999,44.961999999999996,19556.0
2019-09-25,45.06100000000001,45.56,43.865,43.865,11276.0
2019-09-26,43.367,44.762,42.968,42.968,6961.0
2019-09-27,43.018,44.663000000000004,42.17,42.17,8527.0
2019-09-30,41.373000000000005,41.672,39.977,41.672,48939.0
2019-10-01,41.871,44.263999999999996,41.023999999999994,43.317,9038.0
2019-10-02,44.114,44.114,41.771,41.771,5483.0
2019-10-03,41.672,42.22,41.672,42.22,3958.0
2019-10-04,42.22,42.868,41.423,42.868,19072.0
2019-10-07,42.918,43.666000000000004,42.918,43.367,30016.0
2019-10-08,44.363,45.31100000000001,42.868,44.663000000000004,32757.0
2019-10-09,44.861999999999995,45.858999999999995,44.663000000000004,45.41,24271.0
2019-10-10,45.858999999999995,46.357,44.563,45.36,5710.0
2019-10-11,46.258,46.258,43.965,44.513000000000005,8345.0
2019-10-14,44.563,44.861999999999995,43.067,43.167,8317.0
2019-10-15,43.167,43.815,43.067,43.167,41323.0
2019-10-16,43.117,43.815,43.067,43.367,3000.0
2019-10-17,43.367,44.263999999999996,43.266999999999996,44.06399999999999,6762.0
2019-10-18,44.114,44.513000000000005,43.018,43.117,4437.0
2019-10-21,43.367,43.815,42.918,43.317,4784.0
2019-10-22,43.516000000000005,43.516000000000005,42.12,42.12,8261.0
2019-10-23,41.971000000000004,42.718999999999994,40.675,41.971000000000004,21528.0
2019-10-24,42.17,42.27,41.571999999999996,41.771,4100.0
2019-10-25,41.472,42.669,40.675,40.924,11901.0
2019-10-28,40.874,42.568999999999996,40.874,41.971000000000004,3406.0
2019-10-29,42.37,42.818000000000005,42.17,42.37,2275.0
2019-10-30,42.768,42.768,41.871,42.568999999999996,3647.0
2019-10-31,42.568999999999996,42.568999999999996,42.071000000000005,42.37,2683.0
2019-11-04,42.27,43.965,41.771,43.715,9506.0
2019-11-05,43.715,43.865,43.367,43.865,19911.0
2019-11-06,43.865,44.263999999999996,43.317,43.865,3950.0
2019-11-07,43.416000000000004,43.815,42.968,43.367,4729.0
2019-11-08,44.06399999999999,44.363,43.067,44.31399999999999,7330.0
2019-11-12,43.067,43.865,43.067,43.865,5137.0
2019-11-13,43.865,45.111000000000004,43.715,43.715,5782.0
2019-11-14,43.815,44.413000000000004,43.117,43.666000000000004,4069.0
2019-11-15,43.416000000000004,44.762,43.416000000000004,44.163999999999994,3985.0
2019-11-18,44.263999999999996,44.663000000000004,44.263999999999996,44.413000000000004,7712.0
2019-11-19,44.762,45.261,44.513000000000005,45.161,8402.0
2019-11-20,45.56,46.806000000000004,44.663000000000004,45.211000000000006,17791.0
2019-11-21,45.06100000000001,45.06100000000001,43.865,44.214,6356.0
2019-11-22,44.263999999999996,44.263999999999996,42.968,43.167,9770.0
2019-11-25,42.669,43.865,41.871,43.765,19110.0
2019-11-26,43.765,44.861999999999995,43.765,44.711999999999996,1537.0
2019-11-27,44.711999999999996,44.861999999999995,43.666000000000004,44.114,1083.0
2019-11-28,43.815,44.363,43.666000000000004,44.363,1093.0
2019-11-29,44.363,44.613,43.965,44.613,2708.0
2019-12-02,44.861999999999995,45.56,44.363,44.613,3202.0
2019-12-03,44.711999999999996,45.261,44.06399999999999,44.861999999999995,12146.0
2019-12-04,45.261,45.56,44.812,45.31100000000001,5974.0
2019-12-05,45.31100000000001,45.31100000000001,43.715,43.865,5620.0
2019-12-06,43.865,43.865,43.266999999999996,43.367,7980.0
2019-12-09,43.865,43.865,42.519,43.266999999999996,13336.0
2019-12-10,43.266999999999996,43.266999999999996,42.37,42.868,8013.0
2019-12-11,42.37,42.619,41.323,41.323,11516.0
2019-12-12,41.323,43.416000000000004,38.580999999999996,40.475,57676.0
2019-12-13,40.376,42.071000000000005,39.927,40.077,9976.0
2019-12-16,40.077,40.775,39.578,40.775,11931.0
2019-12-17,41.323,41.571999999999996,40.376,40.874,6862.0
2019-12-18,40.725,40.725,40.176,40.275999999999996,3617.0
2019-12-19,39.876999999999995,40.376,39.429,39.778,18126.0
2019-12-20,39.778,39.778,38.88,38.88,22412.0
2019-12-23,38.88,41.173,38.88,40.824,17039.0
2019-12-27,40.974,40.974,40.376,40.376,8338.0
2019-12-30,40.176,41.771,39.578,39.578,12322.0
2020-01-02,39.628,41.871,39.628,41.871,10614.0
2020-01-03,42.468999999999994,43.367,41.871,43.367,12416.0
2020-01-07,44.06399999999999,44.363,43.367,43.61600000000001,9972.0
2020-01-08,43.666000000000004,43.666000000000004,42.519,43.516000000000005,7180.0
2020-01-09,43.815,45.161,43.815,44.861999999999995,17394.0
2020-01-10,45.261,45.858999999999995,44.861999999999995,45.858999999999995,20881.0
2020-01-13,48.75,49.049,46.457,48.152,59211.0
2020-01-14,48.65,50.245,48.65,49.597,49699.0
2020-01-15,49.747,49.747,47.853,47.853,28310.0
2020-01-16,48.202,48.85,47.45399999999999,47.653,10903.0
2020-01-17,47.653,48.85,47.653,48.7,8536.0
2020-01-20,48.85,50.245,48.85,49.946000000000005,18238.0
2020-01-21,50.245,50.245,49.747,49.847,10361.0
2020-01-22,49.847,49.847,48.202,49.448,11566.0
2020-01-23,49.348,49.348,47.205,47.354,14427.0
2020-01-24,46.956,47.952,44.762,46.357,33763.0
2020-01-27,46.357,47.45399999999999,44.363,44.861999999999995,23651.0
2020-01-28,46.058,46.656000000000006,44.961999999999996,45.858999999999995,18817.0
2020-01-29,46.357,46.457,45.261,45.858999999999995,3286.0
2020-01-30,46.457,46.457,44.711999999999996,44.762,12101.0
2020-01-31,44.912,45.809,43.865,43.865,13024.0
2020-02-03,43.666000000000004,45.46,42.071000000000005,43.765,13519.0
2020-02-04,43.765,43.765,41.273,42.17,22265.0
2020-02-05,42.17,43.367,42.17,43.367,46653.0
2020-02-06,43.61600000000001,44.363,43.466,43.466,9177.0
2020-02-07,43.865,43.865,42.17,42.468999999999994,14224.0
2020-02-10,42.468999999999994,42.468999999999994,40.874,41.522,21434.0
2020-02-11,41.522,41.571999999999996,41.074,41.472,38733.0
2020-02-12,42.27,44.513000000000005,41.871,44.463,22219.0
2020-02-13,44.861999999999995,45.36,43.865,44.06399999999999,9108.0
2020-02-14,43.865,43.865,43.367,43.765,5307.0
2020-02-17,43.865,44.861999999999995,43.117,44.663000000000004,17324.0
2020-02-18,44.762,44.812,43.416000000000004,44.015,9649.0
2020-02-19,45.858999999999995,47.853,44.015,44.015,37000.0
2020-02-20,44.263999999999996,45.36,42.968,43.117,15913.0
2020-02-21,44.413000000000004,44.413000000000004,43.167,43.516000000000005,7406.0
2020-02-24,43.516000000000005,43.516000000000005,41.323,41.373000000000005,25991.0
2020-02-25,41.074,42.868,39.977,42.718999999999994,34399.0
2020-02-26,42.718999999999994,43.865,40.924,41.571999999999996,19685.0
2020-02-27,41.472,41.472,37.485,39.728,37068.0
2020-02-28,38.282,39.479,35.69,37.285,48637.0
2020-03-02,38.88,40.376,37.086,38.781,29914.0
2020-03-03,39.827,40.775,38.93,39.876999999999995,24256.0
2020-03-04,39.08,40.376,38.482,39.728,10578.0
2020-03-05,40.974,42.37,39.08,39.08,34922.0
2020-03-06,39.229,39.778,37.485,37.883,18669.0
2020-03-09,34.893,35.541,32.5,32.749,70669.0
2020-03-10,33.896,34.294000000000004,30.706,31.901999999999997,46762.0
2020-03-11,32.4,33.098,28.511999999999997,29.908,155519.0
2020-03-12,26.866999999999997,26.866999999999997,24.225,24.425,71305.0
2020-03-13,25.123,32.899,22.979,28.163,111568.0
2020-03-16,28.712,31.901999999999997,25.92,31.901999999999997,84968.0
2020-03-17,31.901999999999997,37.883,30.905,34.893,113581.0
2020-03-18,36.288000000000004,36.288000000000004,32.4,32.899,49370.0
2020-03-19,32.150999999999996,34.743,31.752,31.901999999999997,25641.0
2020-03-20,32.899,33.796,29.659000000000002,29.908,61555.0
2020-03-23,29.908,32.4,27.416,29.908,43791.0
2020-03-24,31.154,31.802,30.506,30.656,16892.0
2020-03-25,31.204,32.5,29.41,31.254,41637.0
2020-03-26,31.752,32.201,31.054000000000002,32.101,8467.0
2020-03-27,32.799,32.998000000000005,31.951999999999998,31.951999999999998,10932.0
2020-03-30,32.001999999999995,33.995,30.905,33.597,24198.0
2020-03-31,33.397,35.89,33.148,34.594,63768.0
2020-04-01,34.893,35.391,33.347,33.696,16470.0
2020-04-02,33.646,34.544000000000004,33.497,34.294000000000004,13155.0
2020-04-03,34.394,36.787,33.547,35.89,38171.0
2020-04-06,36.388000000000005,39.876999999999995,36.388000000000005,38.431999999999995,76097.0
2020-04-07,39.678000000000004,40.824,36.488,36.836999999999996,45035.0
2020-04-08,37.385,37.385,34.494,35.79,38126.0
2020-04-09,35.989000000000004,36.488,33.995,34.394,35718.0
2020-04-14,34.294000000000004,34.394,33.497,33.896,49279.0
2020-04-15,33.896,33.995,32.201,32.45,55954.0
2020-04-16,32.45,34.294000000000004,32.45,33.298,20491.0
2020-04-17,34.743,34.893,33.846,34.095,12288.0
2020-04-20,34.394,34.394,33.298,33.896,24086.0
2020-04-21,34.394,35.092,31.104,31.901999999999997,40848.0
2020-04-22,32.001999999999995,32.4,31.453000000000003,31.701999999999998,24584.0
2020-04-23,31.901999999999997,32.849000000000004,30.905,32.251,16991.0
2020-04-24,31.503,31.901999999999997,30.905,31.802,15447.0
2020-04-27,31.802,31.802,30.156999999999996,30.206999999999997,51887.0
2020-04-28,30.506,30.506,28.961,29.509,39918.0
2020-04-29,29.509,33.497,29.21,33.148,69506.0
2020-04-30,33.896,33.995,31.901999999999997,32.150999999999996,23453.0
2020-05-04,32.150999999999996,33.397,31.005,32.899,37307.0
2020-05-05,32.6,33.446999999999996,32.6,32.998000000000005,15178.0
2020-05-06,33.497,33.497,31.851999999999997,32.201,16622.0
2020-05-07,32.201,32.301,31.304000000000002,31.802,13554.0
2020-05-08,31.701999999999998,31.851999999999997,31.503,31.802,11338.0
2020-05-11,33.696,34.544000000000004,32.4,32.899,34537.0
2020-05-12,33.397,33.497,32.201,33.298,29997.0
2020-05-13,33.248000000000005,34.245,32.899,34.145,14797.0
2020-05-14,34.145,34.145,32.55,33.098,29316.0
2020-05-15,33.298,33.597,32.899,33.048,20086.0
2020-05-18,33.995,33.995,32.001999999999995,32.150999999999996,59816.0
2020-05-19,32.150999999999996,33.048,32.101,32.55,16764.0
2020-05-20,32.899,32.998000000000005,32.5,32.55,18208.0
2020-05-21,32.55,32.799,32.4,32.699,5262.0
2020-05-22,32.6,32.899,32.6,32.749,12472.0
2020-05-25,32.55,32.65,31.752,32.201,15058.0
2020-05-26,32.201,32.799,32.101,32.55,26553.0
2020-05-27,32.4,32.749,32.101,32.6,38434.0
2020-05-28,32.699,32.699,31.901999999999997,32.45,15120.0
2020-05-29,32.35,32.5,31.951999999999998,32.5,3115.0
2020-06-01,32.7,32.7,31.8,32.2,7773.0
2020-06-02,32.5,32.5,31.85,32.45,12621.0
2020-06-03,32.65,34.8,32.6,34.6,70581.0
2020-06-04,35.1,35.6,34.7,35.15,21108.0
2020-06-05,35.5,36.75,35.3,36.65,58805.0
2020-06-08,37.7,37.7,36.5,37.7,44897.0
2020-06-09,38.0,38.3,36.55,37.7,38513.0
2020-06-10,38.0,38.95,37.7,38.9,50713.0
2020-06-12,37.1,38.45,35.55,38.4,31531.0
2020-06-15,38.0,40.0,36.5,38.95,52968.0
2020-06-16,40.0,41.55,39.55,41.55,36433.0
2020-06-17,42.45,42.45,40.45,40.45,23373.0
2020-06-18,40.5,41.1,39.5,41.0,77315.0
2020-06-19,41.4,41.8,40.65,41.5,16436.0
2020-06-22,41.7,41.7,40.55,41.0,9790.0
2020-06-23,41.0,43.3,40.8,43.3,55881.0
2020-06-24,43.7,44.0,42.3,43.0,18075.0
2020-06-25,42.9,43.45,42.1,42.95,35087.0
2020-06-26,43.0,43.1,40.2,41.0,22023.0
2020-06-29,41.2,41.5,38.8,39.0,58831.0
2020-06-30,39.1,39.9,38.1,38.1,19591.0
2020-07-01,39.1,39.7,38.25,39.5,12362.0
2020-07-02,39.5,40.95,38.8,40.95,15242.0
2020-07-03,40.7,41.55,40.4,40.5,11709.0
2020-07-06,40.95,41.0,39.7,40.6,12562.0
2020-07-07,40.9,42.5,40.5,42.5,20787.0
2020-07-08,42.8,43.75,42.0,43.5,30172.0
2020-07-09,43.8,44.4,43.1,44.1,18303.0
2020-07-10,44.5,44.5,41.3,43.3,28468.0
2020-07-13,43.3,43.3,41.5,42.15,29211.0
2020-07-14,42.15,43.0,41.3,41.6,10717.0
2020-07-15,41.35,42.3,41.2,41.9,16311.0
2020-07-16,42.8,42.8,41.15,41.2,15114.0
2020-07-17,41.5,41.9,41.25,41.35,9165.0
2020-07-20,41.6,42.1,41.45,42.1,8618.0
2020-07-21,42.1,44.2,42.1,43.0,26495.0
2020-07-22,43.1,43.15,40.75,41.05,34846.0
2020-07-23,41.05,42.95,40.05,40.6,51096.0
2020-07-24,40.1,41.0,38.6,41.0,42150.0
2020-07-27,40.95,41.2,39.55,41.0,27404.0
2020-07-28,41.0,43.0,40.4,42.4,34647.0
2020-07-29,42.4,42.5,40.4,42.5,43498.0
2020-07-30,42.8,42.8,38.4,38.95,57781.0
2020-07-31,39.1,40.45,38.95,39.3,14601.0
2020-08-03,40.0,41.2,39.0,41.2,26290.0
2020-08-04,41.25,42.0,39.85,41.0,25618.0
2020-08-05,41.85,41.85,40.5,41.5,19146.0
2020-08-06,41.95,41.95,39.9,40.6,26752.0
2020-08-07,40.65,41.0,39.8,40.1,12632.0
2020-08-10,41.4,41.5,40.65,41.2,10556.0
2020-08-11,41.4,41.45,39.8,40.0,19280.0
2020-08-12,40.1,41.35,38.8,40.0,12141.0
2020-08-13,39.8,40.65,39.6,40.0,5259.0
2020-08-14,40.0,40.35,39.55,39.9,6565.0
2020-08-17,40.5,40.8,39.85,40.1,4783.0
2020-08-18,40.2,41.1,40.05,40.4,10241.0
2020-08-19,40.4,44.65,40.0,44.25,114237.0
2020-08-20,44.8,46.3,43.65,44.8,59548.0
2020-08-21,45.25,45.45,42.15,43.8,28059.0
2020-08-24,44.0,44.4,43.8,43.9,13511.0
2020-08-25,44.35,44.5,42.9,43.0,7887.0
2020-08-26,42.25,43.2,42.2,43.0,25026.0
2020-08-27,43.5,43.95,42.75,43.5,7933.0
2020-08-28,43.5,43.8,42.7,43.8,4465.0
2020-08-31,43.95,44.95,43.8,44.0,17495.0
2020-09-01,44.1,44.5,42.0,42.3,21597.0
2020-09-02,43.0,43.0,42.2,42.3,3786.0
2020-09-03,42.95,43.15,42.0,42.0,9848.0
2020-09-04,42.0,42.3,41.05,41.05,23708.0
2020-09-07,41.0,42.0,40.2,41.2,7731.0
2020-09-08,41.2,41.25,37.1,39.55,72387.0
2020-09-09,38.0,43.4,37.95,42.8,46311.0
2020-09-10,43.75,43.75,41.95,42.2,27398.0
2020-09-11,43.0,43.0,42.1,42.6,9786.0
2020-09-14,42.6,42.95,42.0,42.0,18336.0
2020-09-15,42.5,43.5,42.1,42.5,7374.0
2020-09-16,42.5,42.85,40.7,41.6,18639.0
2020-09-17,41.4,41.75,40.5,40.85,8556.0
2020-09-18,40.65,42.9,40.65,42.5,75376.0
2020-09-21,42.7,42.7,40.5,40.5,18837.0
2020-09-22,40.3,42.75,40.25,42.35,10941.0
2020-09-23,42.0,42.35,41.15,41.5,17052.0
2020-09-24,41.5,42.3,40.2,40.5,19476.0
2020-09-25,40.5,41.0,40.2,40.4,15710.0
2020-09-28,42.9,43.5,41.5,41.7,48986.0
2020-09-29,43.85,43.85,42.5,42.9,52183.0
2020-09-30,42.9,42.9,41.2,42.0,23351.0
2020-10-01,42.7,43.25,41.5,42.0,16654.0
2020-10-02,41.7,41.7,40.5,40.6,27262.0
2020-10-05,40.55,41.1,39.7,40.25,30885.0
2020-10-06,41.9,42.45,40.55,40.55,27621.0
2020-10-07,40.65,41.5,40.05,40.2,17024.0
2020-10-08,40.25,40.55,39.85,40.0,20236.0
2020-10-09,39.95,40.3,39.5,39.9,20073.0
2020-10-12,41.0,41.0,39.95,40.0,11825.0
2020-10-13,40.1,40.45,38.85,39.35,15357.0
2020-10-14,39.05,39.1,38.25,38.25,21381.0
2020-10-15,38.25,38.35,36.15,36.9,56958.0
2020-10-16,36.2,37.45,35.45,37.2,44079.0
2020-10-19,37.2,39.5,36.8,37.25,19728.0
2020-10-20,37.95,38.15,36.8,37.4,11343.0
2020-10-21,38.1,38.1,36.15,36.45,12900.0
2020-10-22,36.0,36.4,34.35,35.35,57052.0
2020-10-23,35.8,35.8,34.85,35.3,12964.0
2020-10-26,35.2,35.2,33.1,33.3,32306.0
2020-10-27,33.55,34.5,33.3,33.5,27963.0
2020-10-28,33.5,33.5,32.0,32.5,60931.0
2020-10-29,32.6,34.2,31.85,34.2,53101.0
2020-10-30,34.65,34.7,32.5,33.6,24661.0
2020-11-02,35.2,36.0,34.3,34.5,25201.0
2020-11-03,35.3,35.5,34.3,34.8,17668.0
2020-11-04,35.0,35.15,33.55,33.9,22667.0
2020-11-05,34.05,35.0,33.2,33.5,42698.0
2020-11-06,35.0,41.0,34.3,40.0,148552.0
2020-11-09,43.0,47.8,40.3,42.65,301057.0
2020-11-10,44.0,44.0,40.1,42.1,32051.0
2020-11-12,42.5,43.8,41.55,43.0,42024.0
2020-11-13,42.9,42.9,40.75,42.0,21008.0
2020-11-16,41.5,43.0,40.7,41.5,15971.0
2020-11-17,41.55,42.25,41.55,42.2,12108.0
2020-11-18,42.3,42.8,41.7,42.5,12603.0
2020-11-19,42.85,42.85,41.2,41.4,9863.0
2020-11-20,41.8,41.95,40.6,40.9,11583.0
2020-11-23,41.0,41.75,40.6,40.95,17520.0
2020-11-24,40.9,41.5,40.75,41.3,10788.0
2020-11-25,41.3,41.9,40.8,41.6,10191.0
2020-11-26,41.75,41.85,41.1,41.8,9372.0
2020-11-27,41.9,42.9,41.0,41.65,10249.0
2020-11-30,41.15,41.5,40.6,40.95,11695.0
2020-12-01,40.9,41.4,40.35,40.6,18194.0
2020-12-02,41.15,41.7,40.0,41.0,16655.0
2020-12-03,41.0,42.9,41.0,41.2,13471.0
2020-12-04,42.0,42.9,41.65,42.1,10614.0
2020-12-07,42.15,42.2,41.1,41.25,10586.0
2020-12-08,41.0,42.4,40.9,42.4,13616.0
2020-12-09,42.8,42.8,41.7,42.55,15886.0
